"","ID","Description","Count","GeneRatio","geneID"
"GO:0019953","GO:0019953","sexual reproduction",5,"5/173","THRA/SPATA20/HOXD9/SPIRE1/RACGAP1"
"GO:0019954","GO:0019954","asexual reproduction",0,"0/173",""
"GO:0022414","GO:0022414","reproductive process",14,"14/173","THRA/LFNG/SPATA20/SCX/HOXD13/SNAI1/HOXD9/NOTCH2/SPIRE1/HNF4A/MME/THBD/PLCD3/RACGAP1"
"GO:0032504","GO:0032504","multicellular organism reproduction",4,"4/173","THRA/SPATA20/SPIRE1/RACGAP1"
"GO:0032505","GO:0032505","reproduction of a single-celled organism",0,"0/173",""
"GO:0061887","GO:0061887","reproduction of symbiont in host",0,"0/173",""
"GO:0075325","GO:0075325","spore dispersal",0,"0/173",""
"GO:0001776","GO:0001776","leukocyte homeostasis",3,"3/173","SIT1/CCR2/P2RX7"
"GO:0002200","GO:0002200","somatic diversification of immune receptors",1,"1/173","CD40"
"GO:0002252","GO:0002252","immune effector process",22,"22/173","ALDH3B1/PRSS3/GAB2/PLD1/LFNG/APOBEC3C/SIGLEC14/CCR2/SLPI/VAV3/NOTCH2/IGHV6-1/IGLV7-43/SLC27A2/IGLV1-51/LAT2/P2RX7/PYGB/CD40/FOXP1/MME/GAA"
"GO:0002253","GO:0002253","activation of immune response",8,"8/173","TRAC/MUC3A/VAV3/IGHV6-1/IGLV7-43/IGLV1-51/LAT2/FOXP1"
"GO:0002262","GO:0002262","myeloid cell homeostasis",2,"2/173","THRA/CCR2"
"GO:0002339","GO:0002339","B cell selection",0,"0/173",""
"GO:0002404","GO:0002404","antigen sampling in mucosal-associated lymphoid tissue",0,"0/173",""
"GO:0002440","GO:0002440","production of molecular mediator of immune response",5,"5/173","CCR2/IGLV7-43/IGLV5-45/IGLV1-51/CD40"
"GO:0002507","GO:0002507","tolerance induction",1,"1/173","PHLPP1"
"GO:0002520","GO:0002520","immune system development",13,"13/173","THRA/GAB2/PHLPP1/EFNA2/FLT1/LFNG/CCR2/LRRC17/NOTCH2/CD40/FOXP1/FOXE1/DACT2"
"GO:0002682","GO:0002682","regulation of immune system process",23,"23/173","TRAC/SIT1/GPR17/MUC3A/CD5/GAB2/PHLPP1/CAMK1D/IKBKE/CCR2/LRRC17/VAV3/NOTCH2/IGHV6-1/IGLV7-43/IGLV1-51/LAT2/P2RX7/CD40/FGL1/FOXP1/ALOX15/TNFAIP8L2"
"GO:0002683","GO:0002683","negative regulation of immune system process",6,"6/173","GPR17/CCR2/LRRC17/FGL1/ALOX15/TNFAIP8L2"
"GO:0002684","GO:0002684","positive regulation of immune system process",16,"16/173","TRAC/MUC3A/CD5/GAB2/CAMK1D/IKBKE/CCR2/VAV3/NOTCH2/IGHV6-1/IGLV7-43/IGLV1-51/LAT2/P2RX7/CD40/FOXP1"
"GO:0006955","GO:0006955","immune response",36,"36/173","TRAC/SIT1/GPR17/MUC3A/ALDH3B1/PRSS3/GAB2/PLD1/LFNG/APOBEC3C/RNF39/SIGLEC14/IKBKE/CCR2/SLPI/VAV3/NOTCH2/IGHV6-1/IGLV7-43/SLC27A2/IGLV5-45/IGLV1-51/IL1R2/LAT2/P2RX7/PYGB/CD40/FGL1/FOXP1/MME/SAA1/CTSW/GAA/CXCL11/ALOX15/TNFAIP8L2"
"GO:0019882","GO:0019882","antigen processing and presentation",2,"2/173","MFSD6/RACGAP1"
"GO:0031294","GO:0031294","lymphocyte costimulation",1,"1/173","CD5"
"GO:0035172","GO:0035172","hemocyte proliferation",0,"0/173",""
"GO:0042386","GO:0042386","hemocyte differentiation",0,"0/173",""
"GO:0045058","GO:0045058","T cell selection",0,"0/173",""
"GO:0045321","GO:0045321","leukocyte activation",24,"24/173","SIT1/CD5/ALDH3B1/PRSS3/GAB2/PLD1/LFNG/SIGLEC14/CCR2/SLPI/VAV3/NOTCH2/IGHV6-1/SLC27A2/LAT2/P2RX7/PYGB/CD40/FGL1/FOXP1/MME/GAA/ADAM9/TNFAIP8L2"
"GO:0050900","GO:0050900","leukocyte migration",10,"10/173","FLT1/CAMK1D/CCR2/VAV3/IGLV7-43/IGLV1-51/DOK2/SAA1/CXCL11/THBD"
"GO:0090713","GO:0090713","immunological memory process",0,"0/173",""
"GO:0006792","GO:0006792","regulation of sulfur utilization",0,"0/173",""
"GO:0045882","GO:0045882","negative regulation of sulfur utilization",0,"0/173",""
"GO:0045883","GO:0045883","positive regulation of sulfur utilization",0,"0/173",""
"GO:0006795","GO:0006795","regulation of phosphorus utilization",0,"0/173",""
"GO:0045942","GO:0045942","negative regulation of phosphorus utilization",0,"0/173",""
"GO:0045949","GO:0045949","positive regulation of phosphorus utilization",0,"0/173",""
"GO:0002118","GO:0002118","aggressive behavior",0,"0/173",""
"GO:0002209","GO:0002209","behavioral defense response",0,"0/173",""
"GO:0002210","GO:0002210","behavioral response to wounding",0,"0/173",""
"GO:0007611","GO:0007611","learning or memory",5,"5/173","DLG4/CNTNAP2/THRA/MME/PRKAR1B"
"GO:0007622","GO:0007622","rhythmic behavior",1,"1/173","CIART"
"GO:0007625","GO:0007625","grooming behavior",1,"1/173","DLG4"
"GO:0007626","GO:0007626","locomotory behavior",5,"5/173","DLG4/APBA2/HOXD9/GAA/CIART"
"GO:0007631","GO:0007631","feeding behavior",0,"0/173",""
"GO:0007632","GO:0007632","visual behavior",0,"0/173",""
"GO:0007635","GO:0007635","chemosensory behavior",0,"0/173",""
"GO:0007638","GO:0007638","mechanosensory behavior",1,"1/173","CNTNAP2"
"GO:0019098","GO:0019098","reproductive behavior",1,"1/173","THRA"
"GO:0030534","GO:0030534","adult behavior",3,"3/173","CNTNAP2/HOXD9/SDK1"
"GO:0030537","GO:0030537","larval behavior",0,"0/173",""
"GO:0032537","GO:0032537","host-seeking behavior",0,"0/173",""
"GO:0035176","GO:0035176","social behavior",2,"2/173","DLG4/CNTNAP2"
"GO:0035187","GO:0035187","hatching behavior",0,"0/173",""
"GO:0035640","GO:0035640","exploration behavior",1,"1/173","DLG4"
"GO:0040040","GO:0040040","thermosensory behavior",0,"0/173",""
"GO:0042630","GO:0042630","behavioral response to water deprivation",0,"0/173",""
"GO:0048266","GO:0048266","behavioral response to pain",0,"0/173",""
"GO:0048520","GO:0048520","positive regulation of behavior",0,"0/173",""
"GO:0048521","GO:0048521","negative regulation of behavior",0,"0/173",""
"GO:0050795","GO:0050795","regulation of behavior",1,"1/173","DLG4"
"GO:0051780","GO:0051780","behavioral response to nutrient",0,"0/173",""
"GO:0051867","GO:0051867","general adaptation syndrome, behavioral process",0,"0/173",""
"GO:0060273","GO:0060273","crying behavior",0,"0/173",""
"GO:0060756","GO:0060756","foraging behavior",0,"0/173",""
"GO:0061744","GO:0061744","motor behavior",0,"0/173",""
"GO:0071625","GO:0071625","vocalization behavior",2,"2/173","DLG4/CNTNAP2"
"GO:0006734","GO:0006734","NADH metabolic process",0,"0/173",""
"GO:0006739","GO:0006739","NADP metabolic process",0,"0/173",""
"GO:0006807","GO:0006807","nitrogen compound metabolic process",77,"77/173","DLG4/AOX1/MUC3A/NQO1/THRA/DLX6/ALDH3B1/PRSS3/PLD1/PHLPP1/FLT1/UBE2S/CAMK1D/APOBEC3C/POU3F3/RNF39/TEAD4/SCX/IKBKE/HOXD13/HPCA/SLPI/SNAI1/HOXD9/NOTCH2/SPIRE1/NR3C1/IL1R2/P2RX7/CD40/HNF4A/CKM/KCNIP3/DLX5/GSDME/GMNN/PERP/SMOC2/FOXP1/ADAM23/KLK12/MME/SAA1/NDNF/CTSW/EFNA1/CDK5R1/RPLP2/PNPLA2/RNF186/FOXE1/ZNF552/PIPOX/CITED4/PPA1/MAP6D1/PRKAR1B/ADAM9/BMP1/NFIA/ABHD3/CIART/CHAF1B/ATP13A2/ZNF761/ZDHHC12/ALOX15/ABCA3/FABP1/CDS1/BDH2/PRSS12/SAP30/STK17A/PDP1/PSCA/SGPP2"
"GO:0009056","GO:0009056","catabolic process",27,"27/173","CRYZ/AOX1/THRA/ALDH3B1/PLD1/UBE2S/APOBEC3C/SLC27A2/ETFB/P2RX7/PYGB/MME/CTSW/GAA/EFNA1/CDK5R1/RPLP2/PNPLA2/RNF186/PIPOX/ADAM9/ABHD3/ATP13A2/PLCD3/FABP1/BDH2/FABP7"
"GO:0009058","GO:0009058","biosynthetic process",49,"49/173","MOGAT2/MUC3A/NQO1/THRA/DLX6/ALDH3B1/TBXAS1/PLD1/CAMK1D/POU3F3/TEAD4/SCX/HOXD13/HPCA/SNAI1/HOXD9/NOTCH2/SLC27A2/NR3C1/P2RX7/CD40/HNF4A/CKM/KCNIP3/DLX5/GMNN/SMOC2/FOXP1/EFNA1/CDK5R1/RPLP2/PNPLA2/FOXE1/ZNF552/CITED4/PPA1/MAP6D1/NFIA/ABHD3/CIART/CHAF1B/ZNF761/ZDHHC12/ALOX15/CDS1/BDH2/SAP30/PDP1/SGPP2"
"GO:0009892","GO:0009892","negative regulation of metabolic process",29,"29/173","DLG4/THRA/POU3F3/SCX/IKBKE/HPCA/SLPI/SNAI1/HOXD9/NOTCH2/NR3C1/IL1R2/P2RX7/HNF4A/KCNIP3/GMNN/FOXP1/EFNA1/MYO1D/CDK5R1/RPLP2/FOXE1/PRKAR1B/NFIA/CIART/ATP13A2/FABP1/SAP30/PSCA"
"GO:0009893","GO:0009893","positive regulation of metabolic process",39,"39/173","DLG4/THRA/PLD1/FLT1/UBE2S/CAMK1D/POU3F3/TEAD4/SCX/HOXD13/CCR2/SNAI1/HOXD9/VAV3/NOTCH2/SPIRE1/DNAJA4/NR3C1/P2RX7/CD40/HNF4A/DLX5/GSDME/PERP/SMOC2/FOXP1/SAA1/EFNA1/CDK5R1/PNPLA2/FOXE1/CITED4/PRKAR1B/ADAM9/NFIA/ATP13A2/ALOX15/FABP1/PDP1"
"GO:0018933","GO:0018933","nicotine metabolic process",0,"0/173",""
"GO:0019222","GO:0019222","regulation of metabolic process",60,"60/173","DLG4/NQO1/THRA/DLX6/APBA2/PLD1/PHLPP1/FLT1/UBE2S/CAMK1D/POU3F3/RNF39/TEAD4/SCX/IKBKE/HOXD13/CCR2/HPCA/SLPI/SNAI1/HOXD9/VAV3/SORT1/NOTCH2/SPIRE1/DNAJA4/NR3C1/IL1R2/P2RX7/CD40/HNF4A/KCNIP3/DLX5/GSDME/GMNN/PERP/SMOC2/FOXP1/SAA1/AFF1/EFNA1/MYO1D/CDK5R1/RPLP2/PNPLA2/FOXE1/ZNF552/CITED4/PRKAR1B/ADAM9/NFIA/CIART/ATP13A2/ZNF761/ALOX15/FABP1/SAP30/STK17A/PDP1/PSCA"
"GO:0019674","GO:0019674","NAD metabolic process",0,"0/173",""
"GO:0019748","GO:0019748","secondary metabolic process",1,"1/173","BDH2"
"GO:0032259","GO:0032259","methylation",0,"0/173",""
"GO:0032963","GO:0032963","collagen metabolic process",2,"2/173","SCX/P2RX7"
"GO:0042440","GO:0042440","pigment metabolic process",1,"1/173","BDH2"
"GO:0042445","GO:0042445","hormone metabolic process",3,"3/173","MME/PNPLA2/FOXE1"
"GO:0044033","GO:0044033","multi-organism metabolic process",0,"0/173",""
"GO:0044237","GO:0044237","cellular metabolic process",84,"84/173","CRYZ/DLG4/AOX1/MOGAT2/MUC3A/NQO1/THRA/DLX6/ALDH3B1/PRSS3/TBXAS1/PLD1/PHLPP1/FLT1/UBE2S/CAMK1D/APOBEC3C/POU3F3/RNF39/TEAD4/SCX/IKBKE/HOXD13/HPCA/SLPI/SNAI1/HOXD9/VAV3/NOTCH2/SPIRE1/SLC27A2/NR3C1/IL1R2/ETFB/P2RX7/PYGB/CD40/HNF4A/CKM/KCNIP3/DLX5/GSDME/GMNN/PERP/SMOC2/FOXP1/MME/SAA1/NDNF/CTSW/GAA/EFNA1/MYO1D/CDK5R1/RPLP2/PNPLA2/RNF186/FOXE1/ZNF552/PIPOX/CITED4/PPA1/MAP6D1/PRKAR1B/ADAM9/NFIA/ABHD3/CIART/CHAF1B/ATP13A2/ZNF761/ZDHHC12/PLCD3/ALOX15/ABCA3/FABP1/CDS1/BDH2/SAP30/FABP7/STK17A/PDP1/PSCA/SGPP2"
"GO:0044238","GO:0044238","primary metabolic process",85,"85/173","DLG4/AOX1/MOGAT2/MUC3A/NQO1/THRA/DLX6/ALDH3B1/PRSS3/TBXAS1/PLD1/PHLPP1/FLT1/UBE2S/CAMK1D/APOBEC3C/POU3F3/RNF39/TEAD4/SCX/IKBKE/HOXD13/HPCA/SLPI/SNAI1/HOXD9/VAV3/NOTCH2/SPIRE1/SLC27A2/NR3C1/IL1R2/ETFB/P2RX7/PYGB/CD40/HNF4A/KCNIP3/DLX5/GSDME/GMNN/PERP/SMOC2/FOXP1/ADAM23/KLK12/MME/SAA1/NDNF/CTSW/GAA/EFNA1/CDK5R1/RPLP2/PNPLA2/RNF186/FOXE1/ZNF552/PIPOX/CITED4/PPA1/MAP6D1/PRKAR1B/ADAM9/BMP1/NFIA/ABHD3/CIART/CHAF1B/ATP13A2/ZNF761/ZDHHC12/PLCD3/ALOX15/ABCA3/FABP1/CDS1/BDH2/PRSS12/SAP30/FABP7/STK17A/PDP1/PSCA/SGPP2"
"GO:0044281","GO:0044281","small molecule metabolic process",27,"27/173","AOX1/MOGAT2/NQO1/ALDH3B1/PRSS3/TBXAS1/APOBEC3C/HPCA/SNAI1/SLC27A2/ETFB/P2RX7/HNF4A/CKM/MME/NDNF/GAA/PNPLA2/PIPOX/PPA1/ABHD3/PLCD3/ALOX15/FABP1/BDH2/PDP1/SGPP2"
"GO:0045730","GO:0045730","respiratory burst",1,"1/173","CAMK1D"
"GO:0046034","GO:0046034","ATP metabolic process",1,"1/173","P2RX7"
"GO:0051189","GO:0051189","prosthetic group metabolic process",0,"0/173",""
"GO:0055114","GO:0055114","oxidation-reduction process",13,"13/173","CRYZ/AOX1/NQO1/ALDH3B1/TBXAS1/SLC27A2/ETFB/PYGB/GAA/PIPOX/ALOX15/FABP1/BDH2"
"GO:0070085","GO:0070085","glycosylation",1,"1/173","MUC3A"
"GO:0070988","GO:0070988","demethylation",1,"1/173","APOBEC3C"
"GO:0071704","GO:0071704","organic substance metabolic process",91,"91/173","DLG4/AOX1/MOGAT2/MUC3A/NQO1/THRA/DLX6/ALDH3B1/PRSS3/APBA2/TBXAS1/PLD1/PHLPP1/FLT1/UBE2S/CAMK1D/APOBEC3C/POU3F3/RNF39/TEAD4/SCX/IKBKE/HOXD13/CCR2/HPCA/SLPI/SNAI1/HOXD9/VAV3/SORT1/NOTCH2/SPIRE1/SLC27A2/DNAJA4/NR3C1/IL1R2/ETFB/P2RX7/PYGB/CD40/HNF4A/CKM/KCNIP3/DLX5/GSDME/GMNN/PERP/SMOC2/FOXP1/ADAM23/KLK12/MME/SAA1/NDNF/CTSW/AFF1/GAA/EFNA1/CDK5R1/RPLP2/PNPLA2/RNF186/FOXE1/ZNF552/PIPOX/CITED4/PPA1/MAP6D1/PRKAR1B/ADAM9/BMP1/NFIA/ABHD3/CIART/CHAF1B/ATP13A2/ZNF761/ZDHHC12/PLCD3/ALOX15/ABCA3/FABP1/CDS1/BDH2/PRSS12/SAP30/FABP7/STK17A/PDP1/PSCA/SGPP2"
"GO:1901049","GO:1901049","atropine metabolic process",0,"0/173",""
"GO:1901275","GO:1901275","tartrate metabolic process",0,"0/173",""
"GO:1901286","GO:1901286","iron-sulfur-molybdenum cofactor metabolic process",0,"0/173",""
"GO:1901902","GO:1901902","tyrocidine metabolic process",0,"0/173",""
"GO:1902421","GO:1902421","hydrogen metabolic process",0,"0/173",""
"GO:1990845","GO:1990845","adaptive thermogenesis",2,"2/173","THRA/CCR2"
"GO:0043610","GO:0043610","regulation of carbohydrate utilization",0,"0/173",""
"GO:0000075","GO:0000075","cell cycle checkpoint",0,"0/173",""
"GO:0000920","GO:0000920","septum digestion after cytokinesis",0,"0/173",""
"GO:0001775","GO:0001775","cell activation",26,"26/173","SIT1/CD5/ALDH3B1/PRSS3/GAB2/PLD1/LFNG/SIGLEC14/CCR2/SLPI/VAV3/NOTCH2/IGHV6-1/SLC27A2/LAT2/P2RX7/PYGB/CD40/FGL1/FOXP1/MME/SAA1/GAA/THBD/ADAM9/TNFAIP8L2"
"GO:0001906","GO:0001906","cell killing",1,"1/173","P2RX7"
"GO:0006276","GO:0006276","plasmid maintenance",0,"0/173",""
"GO:0006457","GO:0006457","protein folding",3,"3/173","DNAJA4/HSPA7/HSPA13"
"GO:0006903","GO:0006903","vesicle targeting",0,"0/173",""
"GO:0006928","GO:0006928","movement of cell or subcellular component",32,"32/173","PODN/PRSS3/GAB2/PLD1/EFNA2/FLT1/CAMK1D/POU3F3/CCR2/SNAI1/VAV3/NOTCH2/IGLV7-43/DNAJA4/IGLV1-51/SEMA5B/CD40/TNNC2/DLX5/SMOC2/FOXP1/DOK2/SAA1/NDNF/CXCL11/EFNA1/MYO1D/CDK5R1/THBD/FOXE1/ADAM9/RACGAP1"
"GO:0006949","GO:0006949","syncytium formation",1,"1/173","ADAM9"
"GO:0007017","GO:0007017","microtubule-based process",6,"6/173","MAP7/SPIRE1/CDK5R1/MAP6D1/HEPACAM2/RACGAP1"
"GO:0007034","GO:0007034","vacuolar transport",2,"2/173","SORT1/ATP13A2"
"GO:0007049","GO:0007049","cell cycle",11,"11/173","LFNG/UBE2S/NOTCH2/SPIRE1/NR3C1/GMNN/SMOC2/CDK5R1/HEPACAM2/CHAF1B/RACGAP1"
"GO:0007059","GO:0007059","chromosome segregation",2,"2/173","NR3C1/RACGAP1"
"GO:0007154","GO:0007154","cell communication",70,"70/173","TRAC/DLG4/SIT1/GPR17/LRRC4C/MUC3A/CNTNAP2/NQO1/THRA/CD5/GAB2/APBA2/PLD1/PHLPP1/GMIP/EFNA2/FLT1/LFNG/S100A6/TEAD4/SCX/IKBKE/CCR2/HPCA/SNAI1/ADGRB2/VAV3/SORT1/NOTCH2/IGHV6-1/IGLV7-43/IGLV1-51/NR3C1/IL1R2/SEMA5B/LAT2/P2RX7/CD40/HNF4A/KCNIP3/DLX5/GSDME/PERP/SMOC2/FOXP1/DOK2/MME/SAA1/NDNF/KCNK3/RAC3/CXCL11/EFNA1/CDK5R1/RNF186/PRKAR1B/ADAM9/BMP1/SYN2/ARHGAP27/PLCD3/RACGAP1/ALOX15/ADGRL4/VSNL1/CDS1/DACT2/STK17A/TMEM145/PSCA"
"GO:0007155","GO:0007155","cell adhesion",27,"27/173","DLG4/LRRC4C/CNTNAP2/CD5/SIGLEC14/CCR2/SSPN/VAV3/TPBG/FGL1/PERP/SMOC2/SDK1/ADAM23/COL8A2/SAA1/NDNF/NINJ2/THBS2/RAC3/EFNA1/CDK5R1/ADAM9/ABI3BP/ALOX15/TNFAIP8L2/DACT2"
"GO:0007163","GO:0007163","establishment or maintenance of cell polarity",2,"2/173","MAP7/RAC3"
"GO:0007165","GO:0007165","signal transduction",62,"62/173","TRAC/DLG4/SIT1/GPR17/MUC3A/THRA/CD5/GAB2/PLD1/PHLPP1/GMIP/EFNA2/FLT1/LFNG/S100A6/TEAD4/SCX/IKBKE/CCR2/HPCA/SNAI1/ADGRB2/VAV3/SORT1/NOTCH2/IGHV6-1/IGLV7-43/IGLV1-51/NR3C1/IL1R2/SEMA5B/LAT2/P2RX7/CD40/HNF4A/KCNIP3/DLX5/GSDME/PERP/SMOC2/FOXP1/DOK2/SAA1/NDNF/RAC3/CXCL11/EFNA1/CDK5R1/RNF186/PRKAR1B/ADAM9/BMP1/ARHGAP27/PLCD3/RACGAP1/ALOX15/ADGRL4/CDS1/DACT2/STK17A/TMEM145/PSCA"
"GO:0007272","GO:0007272","ensheathment of neurons",1,"1/173","EPB41L3"
"GO:0008037","GO:0008037","cell recognition",4,"4/173","CNTNAP2/CD5/IGHV6-1/CDK5R1"
"GO:0008219","GO:0008219","cell death",29,"29/173","NQO1/THRA/CD5/PHLPP1/CAMK1D/POU3F3/SCX/IKBKE/SNAI1/VAV3/SORT1/NOTCH2/NR3C1/EPB41L3/P2RX7/CD40/KCNIP3/GSDME/PERP/FOXP1/KLK12/NDNF/EFNA1/CDK5R1/RNF186/ATP13A2/TNFAIP8L2/FABP1/STK17A"
"GO:0008283","GO:0008283","cell population proliferation",24,"24/173","PODN/DLX6/GAB2/FLT1/POU3F3/S100A6/SCX/HOXD13/CCR2/VAV3/NOTCH2/P2RX7/CD40/HNF4A/FGL1/DLX5/GSDME/FOXP1/COL8A2/CXCL11/PLCD3/RACGAP1/FABP7/SGPP2"
"GO:0010118","GO:0010118","stomatal movement",0,"0/173",""
"GO:0010496","GO:0010496","intercellular transport",0,"0/173",""
"GO:0016037","GO:0016037","light absorption",0,"0/173",""
"GO:0016049","GO:0016049","cell growth",4,"4/173","EPB41L3/SEMA5B/HNF4A/CDK5R1"
"GO:0016192","GO:0016192","vesicle-mediated transport",39,"39/173","DLG4/TRPV6/CD5/ALDH3B1/PRSS3/GAB2/APBA2/PLD1/CAMK1D/SIGLEC14/CCR2/HPCA/SLPI/VAV3/SORT1/SPIRE1/IGHV6-1/IGLV7-43/SLC27A2/IGLV1-51/LAT2/P2RX7/PYGB/HSPA7/MME/SAA1/CTSW/GAA/MYO1D/CDK5R1/PRKAR1B/FNBP1/SYN2/ARHGAP27/ATP13A2/RACGAP1/ALOX15/VSNL1/PRSS12"
"GO:0016458","GO:0016458","gene silencing",0,"0/173",""
"GO:0019725","GO:0019725","cellular homeostasis",16,"16/173","DLG4/GPR17/TRPV6/NQO1/UBE2S/SLC12A8/CCR2/P2RX7/CD40/SAA1/KCNK3/GAA/CXCL11/ATP2B2/ATP13A2/VSNL1"
"GO:0019835","GO:0019835","cytolysis",0,"0/173",""
"GO:0022402","GO:0022402","cell cycle process",7,"7/173","UBE2S/NOTCH2/SPIRE1/GMNN/CDK5R1/HEPACAM2/RACGAP1"
"GO:0022406","GO:0022406","membrane docking",0,"0/173",""
"GO:0022412","GO:0022412","cellular process involved in reproduction in multicellular organism",1,"1/173","SPIRE1"
"GO:0030029","GO:0030029","actin filament-based process",10,"10/173","NOTCH2/SPIRE1/EPB41L3/TNNC2/RAC3/MYO1D/CDK5R1/RFLNA/RACGAP1/ALOX15"
"GO:0032196","GO:0032196","transposition",1,"1/173","APOBEC3C"
"GO:0033059","GO:0033059","cellular pigmentation",0,"0/173",""
"GO:0034337","GO:0034337","RNA folding",0,"0/173",""
"GO:0035212","GO:0035212","cell competition in a multicellular organism",0,"0/173",""
"GO:0036166","GO:0036166","phenotypic switching",0,"0/173",""
"GO:0043335","GO:0043335","protein unfolding",0,"0/173",""
"GO:0044663","GO:0044663","establishment or maintenance of cell type involved in phenotypic switching",0,"0/173",""
"GO:0044764","GO:0044764","multi-organism cellular process",0,"0/173",""
"GO:0045103","GO:0045103","intermediate filament-based process",0,"0/173",""
"GO:0048522","GO:0048522","positive regulation of cellular process",62,"62/173","DLG4/GPR17/NQO1/THRA/CD5/DLX6/GAB2/PLD1/FLT1/MEDAG/LFNG/UBE2S/CAMK1D/POU3F3/S100A6/TEAD4/SCX/IKBKE/HOXD13/CCR2/HPCA/SNAI1/ADGRB2/HOXD9/VAV3/SORT1/NOTCH2/SPIRE1/IGHV6-1/TPBG/NR3C1/SEMA5B/P2RX7/CD40/HNF4A/DLX5/GSDME/PERP/SMOC2/FOXP1/MME/SAA1/NDNF/THBS2/RAC3/CXCL11/EFNA1/CDK5R1/PNPLA2/FOXE1/CITED4/PRKAR1B/ADAM9/NFIA/ABI3BP/ATP13A2/RACGAP1/ALOX15/VSNL1/FABP1/CDS1/STK17A"
"GO:0048523","GO:0048523","negative regulation of cellular process",51,"51/173","DLG4/PODN/NQO1/THRA/PHLPP1/FLT1/LFNG/CAMK1D/APOBEC3C/POU3F3/SCX/CCR2/HPCA/SLPI/SNAI1/LRRC17/HOXD9/SORT1/NOTCH2/DNAJA4/NR3C1/IL1R2/SEMA5B/P2RX7/HNF4A/FGL1/KCNIP3/GSDME/GMNN/FOXP1/NDNF/LINGO1/CXCL11/EFNA1/MYO1D/CDK5R1/THBD/RFLNA/FOXE1/MAP6D1/PRKAR1B/NFIA/CIART/ATP13A2/VSNL1/TNFAIP8L2/FABP1/SAP30/FABP7/DACT2/PSCA"
"GO:0048869","GO:0048869","cellular developmental process",50,"50/173","PRRC2B/DLG4/GPR17/LRRC4C/CNTNAP2/THRA/DLX6/GAB2/EFNA2/FLT1/MEDAG/LFNG/CAMK1D/SPATA20/POU3F3/S100A6/SCX/CCR2/SNAI1/LRRC17/HOXD9/SORT1/NOTCH2/EPB41L3/SEMA5B/HNF4A/DLX5/GSDME/PERP/SDK1/FOXP1/KLK12/DOK2/MME/NDNF/LINGO1/RAC3/EFNA1/CDK5R1/RFLNA/FOXE1/ADAM9/BMP1/ATP2B2/RACGAP1/CDS1/BDH2/SAP30/FABP7/DACT2"
"GO:0050794","GO:0050794","regulation of cellular process",107,"107/173","TRAC/DLG4/SIT1/GPR17/LRRC4C/TRPV6/MUC3A/PODN/NQO1/THRA/CD5/DLX6/GAB2/APBA2/PLD1/PHLPP1/GMIP/EFNA2/FLT1/MEDAG/LFNG/UBE2S/CAMK1D/APOBEC3C/POU3F3/S100A6/TEAD4/SCX/IKBKE/HOXD13/CCR2/HPCA/SLPI/SNAI1/ADGRB2/LRRC17/HOXD9/VAV3/SORT1/NOTCH2/SPIRE1/IGHV6-1/IGLV7-43/DNAJA4/IGLV1-51/TPBG/NR3C1/IL1R2/EPB41L3/SEMA5B/LAT2/P2RX7/CD40/HNF4A/FGL1/KCNIP3/DLX5/GSDME/GMNN/PERP/SMOC2/SDK1/FOXP1/DOK2/MME/SAA1/NDNF/THBS2/LINGO1/RAC3/CXCL11/EFNA1/MYO1D/CDK5R1/PNPLA2/THBD/RNF186/RFLNA/FOXE1/ZNF552/CITED4/MAP6D1/PRKAR1B/ADAM9/BMP1/NFIA/ABI3BP/CIART/ARHGAP27/ATP13A2/ZNF761/PLCD3/RACGAP1/ALOX15/ADGRL4/VSNL1/TNFAIP8L2/FABP1/CDS1/SAP30/FABP7/DACT2/STK17A/PDP1/TMEM145/PSCA/SGPP2"
"GO:0051301","GO:0051301","cell division",6,"6/173","UBE2S/POU3F3/SPIRE1/NR3C1/HEPACAM2/RACGAP1"
"GO:0051641","GO:0051641","cellular localization",36,"36/173","DLG4/TRPV6/CNTNAP2/ALDH3B1/PRSS3/GAB2/APBA2/PLD1/SIGLEC14/CCR2/HPCA/SLPI/MAP7/SORT1/SPIRE1/SLC27A2/EPB41L3/LAT2/P2RX7/PYGB/KCNIP3/MME/CTSW/GAA/CXCL11/MYO1D/CDK5R1/RPLP2/RNF186/PIPOX/MAP6D1/PRKAR1B/SYN2/ATP13A2/ZDHHC12/VSNL1"
"GO:0051651","GO:0051651","maintenance of location in cell",3,"3/173","P2RX7/GAA/CXCL11"
"GO:0051674","GO:0051674","localization of cell",25,"25/173","PODN/PRSS3/PLD1/FLT1/CAMK1D/POU3F3/CCR2/SNAI1/VAV3/IGLV7-43/DNAJA4/IGLV1-51/SEMA5B/CD40/SMOC2/FOXP1/DOK2/SAA1/NDNF/CXCL11/EFNA1/CDK5R1/THBD/FOXE1/ADAM9"
"GO:0051716","GO:0051716","cellular response to stimulus",76,"76/173","TRAC/CRYZ/DLG4/SIT1/GPR17/MUC3A/NQO1/THRA/CD5/ALDH3B1/GAB2/PLD1/PHLPP1/GMIP/EFNA2/FLT1/LFNG/CAMK1D/S100A6/TEAD4/SCX/IKBKE/CCR2/HPCA/SNAI1/ADGRB2/VAV3/SORT1/NOTCH2/SPIRE1/IGHV6-1/IGLV7-43/IGLV1-51/NR3C1/IL1R2/SEMA5B/LAT2/P2RX7/CD40/HNF4A/KCNIP3/DLX5/GSDME/HSPA7/PERP/SMOC2/FOXP1/ADAM23/DOK2/MME/SAA1/NDNF/KCNK3/RAC3/CXCL11/EFNA1/CDK5R1/RNF186/PRKAR1B/ADAM9/BMP1/HSPA13/CHAF1B/ARHGAP27/ATP13A2/PLCD3/RACGAP1/ALOX15/ADGRL4/VSNL1/FABP1/CDS1/DACT2/STK17A/TMEM145/PSCA"
"GO:0055085","GO:0055085","transmembrane transport",16,"16/173","DLG4/TRPV6/S100A6/SLC12A8/CCR2/HPCA/SORT1/P2RX7/KCNIP3/SLC2A12/KCNK3/CXCL11/SLC20A2/ATP2B2/ATP13A2/ABCA3"
"GO:0060352","GO:0060352","cell adhesion molecule production",0,"0/173",""
"GO:0061842","GO:0061842","microtubule organizing center localization",0,"0/173",""
"GO:0061919","GO:0061919","process utilizing autophagic mechanism",2,"2/173","CDK5R1/ATP13A2"
"GO:0071554","GO:0071554","cell wall organization or biogenesis",0,"0/173",""
"GO:0071840","GO:0071840","cellular component organization or biogenesis",62,"62/173","CRYZ/DLG4/LRRC4C/CNTNAP2/THRA/GAB2/PLD1/EFNA2/UBE2S/CAMK1D/S100A6/SCX/SLC12A8/HPCA/SNAI1/ADGRB2/MAP7/VAV3/SORT1/NOTCH2/SPIRE1/IGHV6-1/SLC27A2/DNAJA4/TPBG/NR3C1/EPB41L3/SEMA5B/P2RX7/CD40/HNF4A/DLX5/GMNN/PERP/SMOC2/SDK1/DOK2/COL8A2/NDNF/THBS2/GAA/LINGO1/RAC3/EFNA1/MYO1D/CDK5R1/PNPLA2/RFLNA/PIPOX/MAP6D1/HEPACAM2/FNBP1/ADAM9/BMP1/NFIA/ABI3BP/CHAF1B/ATP13A2/RACGAP1/ALOX15/ADGRL4/CDS1"
"GO:0090618","GO:0090618","DNA clamp unloading",0,"0/173",""
"GO:0097194","GO:0097194","execution phase of apoptosis",0,"0/173",""
"GO:0097528","GO:0097528","execution phase of necroptosis",0,"0/173",""
"GO:0098743","GO:0098743","cell aggregation",2,"2/173","THRA/BMP1"
"GO:0140029","GO:0140029","exocytic process",0,"0/173",""
"GO:0140253","GO:0140253","cell-cell fusion",1,"1/173","ADAM9"
"GO:0140352","GO:0140352","export from cell",24,"24/173","TRPV6/ALDH3B1/PRSS3/GAB2/APBA2/PLD1/SIGLEC14/CCR2/SLPI/SLC27A2/LAT2/P2RX7/PYGB/CD40/HNF4A/MME/SAA1/CTSW/GAA/ADAM9/SYN2/ATP13A2/VSNL1/PRSS12"
"GO:0140448","GO:0140448","signaling receptor ligand precursor processing",1,"1/173","MME"
"GO:1990748","GO:1990748","cellular detoxification",2,"2/173","NQO1/FABP1"
"GO:0043609","GO:0043609","regulation of carbon utilization",0,"0/173",""
"GO:0006808","GO:0006808","regulation of nitrogen utilization",0,"0/173",""
"GO:0019676","GO:0019676","ammonia assimilation cycle",0,"0/173",""
"GO:0045847","GO:0045847","negative regulation of nitrogen utilization",0,"0/173",""
"GO:0045848","GO:0045848","positive regulation of nitrogen utilization",0,"0/173",""
"GO:0000728","GO:0000728","gene conversion at mating-type locus, DNA double-strand break formation",0,"0/173",""
"GO:0000734","GO:0000734","gene conversion at mating-type locus, DNA repair synthesis",0,"0/173",""
"GO:0000742","GO:0000742","karyogamy involved in conjugation with cellular fusion",0,"0/173",""
"GO:0000743","GO:0000743","nuclear migration involved in conjugation with cellular fusion",0,"0/173",""
"GO:0000752","GO:0000752","agglutination involved in conjugation with cellular fusion",0,"0/173",""
"GO:0002077","GO:0002077","acrosome matrix dispersal",0,"0/173",""
"GO:0003006","GO:0003006","developmental process involved in reproduction",10,"10/173","LFNG/SPATA20/SCX/HOXD13/SNAI1/NOTCH2/HNF4A/MME/PLCD3/RACGAP1"
"GO:0007117","GO:0007117","budding cell bud growth",0,"0/173",""
"GO:0007300","GO:0007300","ovarian nurse cell to oocyte transport",0,"0/173",""
"GO:0007316","GO:0007316","pole plasm RNA localization",0,"0/173",""
"GO:0007318","GO:0007318","pole plasm protein localization",0,"0/173",""
"GO:0007340","GO:0007340","acrosome reaction",0,"0/173",""
"GO:0007343","GO:0007343","egg activation",0,"0/173",""
"GO:0007344","GO:0007344","pronuclear fusion",0,"0/173",""
"GO:0007534","GO:0007534","gene conversion at mating-type locus",0,"0/173",""
"GO:0007543","GO:0007543","sex determination, somatic-gonadal interaction",0,"0/173",""
"GO:0007566","GO:0007566","embryo implantation",0,"0/173",""
"GO:0009566","GO:0009566","fertilization",1,"1/173","HOXD9"
"GO:0009846","GO:0009846","pollen germination",0,"0/173",""
"GO:0009856","GO:0009856","pollination",0,"0/173",""
"GO:0009859","GO:0009859","pollen hydration",0,"0/173",""
"GO:0009865","GO:0009865","pollen tube adhesion",0,"0/173",""
"GO:0009875","GO:0009875","pollen-pistil interaction",0,"0/173",""
"GO:0009876","GO:0009876","pollen adhesion",0,"0/173",""
"GO:0010069","GO:0010069","zygote asymmetric cytokinesis in embryo sac",0,"0/173",""
"GO:0010183","GO:0010183","pollen tube guidance",0,"0/173",""
"GO:0010344","GO:0010344","seed oilbody biogenesis",0,"0/173",""
"GO:0010483","GO:0010483","pollen tube reception",0,"0/173",""
"GO:0010588","GO:0010588","cotyledon vascular tissue pattern formation",0,"0/173",""
"GO:0010708","GO:0010708","heteroduplex formation involved in gene conversion at mating-type locus",0,"0/173",""
"GO:0018985","GO:0018985","pronuclear envelope synthesis",0,"0/173",""
"GO:0022413","GO:0022413","reproductive process in single-celled organism",0,"0/173",""
"GO:0022602","GO:0022602","ovulation cycle process",0,"0/173",""
"GO:0030709","GO:0030709","border follicle cell delamination",0,"0/173",""
"GO:0031292","GO:0031292","gene conversion at mating-type locus, DNA double-strand break processing",0,"0/173",""
"GO:0032219","GO:0032219","cell wall macromolecule catabolic process involved in cytogamy",0,"0/173",""
"GO:0032220","GO:0032220","plasma membrane fusion involved in cytogamy",0,"0/173",""
"GO:0034624","GO:0034624","DNA recombinase assembly involved in gene conversion at mating-type locus",0,"0/173",""
"GO:0034636","GO:0034636","strand invasion involved in gene conversion at mating-type locus",0,"0/173",""
"GO:0035036","GO:0035036","sperm-egg recognition",0,"0/173",""
"GO:0035037","GO:0035037","sperm entry",0,"0/173",""
"GO:0035038","GO:0035038","female pronucleus assembly",0,"0/173",""
"GO:0035039","GO:0035039","male pronucleus assembly",0,"0/173",""
"GO:0035040","GO:0035040","sperm nuclear envelope removal",0,"0/173",""
"GO:0035041","GO:0035041","sperm chromatin decondensation",0,"0/173",""
"GO:0035042","GO:0035042","fertilization, exchange of chromosomal proteins",0,"0/173",""
"GO:0035044","GO:0035044","sperm aster formation",0,"0/173",""
"GO:0035046","GO:0035046","pronuclear migration",0,"0/173",""
"GO:0035471","GO:0035471","luteinizing hormone signaling pathway involved in ovarian follicle development",0,"0/173",""
"GO:0042628","GO:0042628","mating plug formation",0,"0/173",""
"GO:0043093","GO:0043093","FtsZ-dependent cytokinesis",0,"0/173",""
"GO:0044703","GO:0044703","multi-organism reproductive process",6,"6/173","THRA/SPATA20/HOXD9/SPIRE1/THBD/RACGAP1"
"GO:0045729","GO:0045729","respiratory burst at fertilization",0,"0/173",""
"GO:0046595","GO:0046595","establishment of pole plasm mRNA localization",0,"0/173",""
"GO:0048359","GO:0048359","mucilage metabolic process involved in seed coat development",0,"0/173",""
"GO:0048497","GO:0048497","maintenance of floral organ identity",0,"0/173",""
"GO:0048544","GO:0048544","recognition of pollen",0,"0/173",""
"GO:0048573","GO:0048573","photoperiodism, flowering",0,"0/173",""
"GO:0048609","GO:0048609","multicellular organismal reproductive process",4,"4/173","THRA/SPATA20/SPIRE1/RACGAP1"
"GO:0051037","GO:0051037","regulation of transcription involved in meiotic cell cycle",0,"0/173",""
"GO:0051321","GO:0051321","meiotic cell cycle",2,"2/173","LFNG/SPIRE1"
"GO:0060011","GO:0060011","Sertoli cell proliferation",0,"0/173",""
"GO:0060466","GO:0060466","activation of meiosis involved in egg activation",0,"0/173",""
"GO:0060468","GO:0060468","prevention of polyspermy",0,"0/173",""
"GO:0060469","GO:0060469","positive regulation of transcription involved in egg activation",0,"0/173",""
"GO:0060470","GO:0060470","positive regulation of cytosolic calcium ion concentration involved in egg activation",0,"0/173",""
"GO:0060471","GO:0060471","cortical granule exocytosis",0,"0/173",""
"GO:0060474","GO:0060474","positive regulation of flagellated sperm motility involved in capacitation",0,"0/173",""
"GO:0060475","GO:0060475","positive regulation of actin filament polymerization involved in acrosome reaction",0,"0/173",""
"GO:0060476","GO:0060476","protein localization involved in acrosome reaction",0,"0/173",""
"GO:0060478","GO:0060478","acrosomal vesicle exocytosis",0,"0/173",""
"GO:0060518","GO:0060518","cell migration involved in prostatic bud elongation",0,"0/173",""
"GO:0060519","GO:0060519","cell adhesion involved in prostatic bud elongation",0,"0/173",""
"GO:0060673","GO:0060673","cell-cell signaling involved in placenta development",0,"0/173",""
"GO:0060710","GO:0060710","chorio-allantoic fusion",0,"0/173",""
"GO:0060722","GO:0060722","cell proliferation involved in embryonic placenta development",0,"0/173",""
"GO:0060738","GO:0060738","epithelial-mesenchymal signaling involved in prostate gland development",0,"0/173",""
"GO:0060739","GO:0060739","mesenchymal-epithelial cell signaling involved in prostate gland development",0,"0/173",""
"GO:0060767","GO:0060767","epithelial cell proliferation involved in prostate gland development",0,"0/173",""
"GO:0060781","GO:0060781","mesenchymal cell proliferation involved in prostate gland development",0,"0/173",""
"GO:0060783","GO:0060783","mesenchymal smoothened signaling pathway involved in prostate gland development",0,"0/173",""
"GO:0060858","GO:0060858","vesicle-mediated transport involved in floral organ abscission",0,"0/173",""
"GO:0060869","GO:0060869","transmembrane receptor protein serine/threonine kinase signaling pathway involved in floral organ abscission",0,"0/173",""
"GO:0060870","GO:0060870","cell wall disassembly involved in floral organ abscission",0,"0/173",""
"GO:0061450","GO:0061450","trophoblast cell migration",0,"0/173",""
"GO:0061500","GO:0061500","gene conversion at mating-type locus, termination of copy-synthesis",0,"0/173",""
"GO:0061948","GO:0061948","premature acrosome loss",0,"0/173",""
"GO:0061955","GO:0061955","positive regulation of actin filament depolymerization involved in acrosome reaction",0,"0/173",""
"GO:0070871","GO:0070871","cell wall organization involved in conjugation with cellular fusion",0,"0/173",""
"GO:0071507","GO:0071507","pheromone response MAPK cascade",0,"0/173",""
"GO:0071508","GO:0071508","activation of MAPK activity involved in conjugation with cellular fusion",0,"0/173",""
"GO:0071509","GO:0071509","activation of MAPKK activity involved in conjugation with cellular fusion",0,"0/173",""
"GO:0071510","GO:0071510","activation of MAPKKK activity involved in conjugation with cellular fusion",0,"0/173",""
"GO:0071511","GO:0071511","inactivation of MAPK activity involved in conjugation with cellular fusion",0,"0/173",""
"GO:0072409","GO:0072409","detection of stimulus involved in meiotic cell cycle checkpoint",0,"0/173",""
"GO:0097722","GO:0097722","sperm motility",0,"0/173",""
"GO:0110134","GO:0110134","meiotic drive",0,"0/173",""
"GO:1902064","GO:1902064","regulation of transcription from RNA polymerase II promoter involved in spermatogenesis",0,"0/173",""
"GO:1902397","GO:1902397","detection of stimulus involved in meiotic spindle checkpoint",0,"0/173",""
"GO:1903046","GO:1903046","meiotic cell cycle process",1,"1/173","SPIRE1"
"GO:1904600","GO:1904600","actin fusion focus assembly",0,"0/173",""
"GO:1990109","GO:1990109","rejection of pollen from other species",0,"0/173",""
"GO:2000241","GO:2000241","regulation of reproductive process",3,"3/173","LFNG/HOXD13/SNAI1"
"GO:2000242","GO:2000242","negative regulation of reproductive process",1,"1/173","SNAI1"
"GO:2000243","GO:2000243","positive regulation of reproductive process",1,"1/173","LFNG"
"GO:0022608","GO:0022608","multicellular organism adhesion",0,"0/173",""
"GO:0044406","GO:0044406","adhesion of symbiont to host",0,"0/173",""
"GO:0090675","GO:0090675","intermicrovillar adhesion",0,"0/173",""
"GO:0007267","GO:0007267","cell-cell signaling",19,"19/173","DLG4/LRRC4C/NQO1/APBA2/EFNA2/CCR2/P2RX7/HNF4A/DLX5/MME/SAA1/KCNK3/RAC3/CXCL11/EFNA1/CDK5R1/PRKAR1B/SYN2/VSNL1"
"GO:0021807","GO:0021807","motogenic signaling initiating cell movement in cerebral cortex",0,"0/173",""
"GO:0021837","GO:0021837","motogenic signaling involved in postnatal olfactory bulb interneuron migration",0,"0/173",""
"GO:0021838","GO:0021838","motogenic signaling involved in interneuron migration from the subpallium to the cortex",0,"0/173",""
"GO:0023051","GO:0023051","regulation of signaling",35,"35/173","DLG4/GPR17/LRRC4C/THRA/APBA2/PHLPP1/GMIP/FLT1/LFNG/IKBKE/CCR2/SNAI1/VAV3/NOTCH2/IL1R2/P2RX7/CD40/HNF4A/DLX5/GSDME/SMOC2/FOXP1/MME/SAA1/RAC3/EFNA1/CDK5R1/PRKAR1B/ADAM9/ATP2B2/RACGAP1/ALOX15/VSNL1/DACT2/PSCA"
"GO:0023056","GO:0023056","positive regulation of signaling",19,"19/173","DLG4/GPR17/FLT1/LFNG/IKBKE/CCR2/NOTCH2/P2RX7/CD40/DLX5/GSDME/SMOC2/FOXP1/MME/SAA1/EFNA1/ADAM9/ALOX15/VSNL1"
"GO:0023057","GO:0023057","negative regulation of signaling",10,"10/173","PHLPP1/LFNG/SNAI1/IL1R2/P2RX7/FOXP1/EFNA1/VSNL1/DACT2/PSCA"
"GO:0035426","GO:0035426","extracellular matrix-cell signaling",0,"0/173",""
"GO:0035637","GO:0035637","multicellular organismal signaling",4,"4/173","CNTNAP2/KCNIP3/KCNK3/ATP2B2"
"GO:0001503","GO:0001503","ossification",9,"9/173","THRA/SCX/SNAI1/SORT1/P2RX7/DLX5/RFLNA/BMP1/ALOX15"
"GO:0001763","GO:0001763","morphogenesis of a branching structure",1,"1/173","HOXD13"
"GO:0001816","GO:0001816","cytokine production",7,"7/173","IKBKE/CCR2/IL1R2/P2RX7/CD40/FOXP1/SAA1"
"GO:0002021","GO:0002021","response to dietary excess",0,"0/173",""
"GO:0002532","GO:0002532","production of molecular mediator involved in inflammatory response",1,"1/173","IL1R2"
"GO:0003008","GO:0003008","system process",22,"22/173","CRYZ/DLG4/MYOM3/MOGAT2/CNTNAP2/THRA/POU3F3/CCR2/SSPN/SEMA5B/P2RX7/TNNC2/KCNIP3/GSDME/MME/KCNK3/GAA/RAC3/PRKAR1B/ATP2B2/FABP1/FABP7"
"GO:0003053","GO:0003053","circadian regulation of heart rate",0,"0/173",""
"GO:0007275","GO:0007275","multicellular organism development",69,"69/173","DLG4/GPR17/LRRC4C/CNTNAP2/THRA/DLX6/GAB2/APBA2/PHLPP1/EFNA2/FLT1/LFNG/CAMK1D/SPATA20/POU3F3/S100A6/TEAD4/SCX/HOXD13/CCR2/HPCA/SNAI1/ADGRB2/LRRC17/HOXD9/VAV3/SORT1/NOTCH2/TPBG/EPB41L3/SEMA5B/P2RX7/CD40/HNF4A/FGL1/DLX5/GSDME/GMNN/PERP/SMOC2/SDK1/FOXP1/ADAM23/KLK12/DOK2/COL8A2/MME/NDNF/NINJ2/KCNK3/THBS2/GAA/LINGO1/RAC3/EFNA1/MYO1D/CDK5R1/RFLNA/FOXE1/ADAM9/BMP1/NFIA/ATP2B2/PLCD3/RACGAP1/ALOX15/SAP30/FABP7/DACT2"
"GO:0007389","GO:0007389","pattern specification process",5,"5/173","LFNG/HOXD13/SNAI1/HOXD9/NOTCH2"
"GO:0007585","GO:0007585","respiratory gaseous exchange by respiratory system",1,"1/173","GAA"
"GO:0007586","GO:0007586","digestion",3,"3/173","MOGAT2/PRSS3/FABP1"
"GO:0008340","GO:0008340","determination of adult lifespan",0,"0/173",""
"GO:0009561","GO:0009561","megagametogenesis",0,"0/173",""
"GO:0009791","GO:0009791","post-embryonic development",0,"0/173",""
"GO:0009845","GO:0009845","seed germination",0,"0/173",""
"GO:0010022","GO:0010022","meristem determinacy",0,"0/173",""
"GO:0010073","GO:0010073","meristem maintenance",0,"0/173",""
"GO:0010162","GO:0010162","seed dormancy process",0,"0/173",""
"GO:0016203","GO:0016203","muscle attachment",0,"0/173",""
"GO:0019827","GO:0019827","stem cell population maintenance",2,"2/173","NOTCH2/FOXP1"
"GO:0022004","GO:0022004","midbrain-hindbrain boundary maturation during brain development",0,"0/173",""
"GO:0022005","GO:0022005","midbrain-hindbrain boundary maturation during neural plate development",0,"0/173",""
"GO:0022404","GO:0022404","molting cycle process",2,"2/173","SNAI1/FOXE1"
"GO:0030431","GO:0030431","sleep",0,"0/173",""
"GO:0030588","GO:0030588","pseudocleavage",0,"0/173",""
"GO:0031424","GO:0031424","keratinization",2,"2/173","PERP/KLK12"
"GO:0032898","GO:0032898","neurotrophin production",0,"0/173",""
"GO:0032922","GO:0032922","circadian regulation of gene expression",1,"1/173","CIART"
"GO:0032941","GO:0032941","secretion by tissue",0,"0/173",""
"GO:0033555","GO:0033555","multicellular organismal response to stress",1,"1/173","LRP11"
"GO:0034381","GO:0034381","plasma lipoprotein particle clearance",0,"0/173",""
"GO:0035073","GO:0035073","pupariation",0,"0/173",""
"GO:0035074","GO:0035074","pupation",0,"0/173",""
"GO:0035264","GO:0035264","multicellular organism growth",2,"2/173","APBA2/NOTCH2"
"GO:0035265","GO:0035265","organ growth",0,"0/173",""
"GO:0035314","GO:0035314","scab formation",0,"0/173",""
"GO:0035889","GO:0035889","otolith tethering",0,"0/173",""
"GO:0036363","GO:0036363","transforming growth factor beta activation",0,"0/173",""
"GO:0042303","GO:0042303","molting cycle",2,"2/173","SNAI1/FOXE1"
"GO:0043480","GO:0043480","pigment accumulation in tissues",0,"0/173",""
"GO:0044706","GO:0044706","multi-multicellular organism process",1,"1/173","THBD"
"GO:0045494","GO:0045494","photoreceptor cell maintenance",0,"0/173",""
"GO:0048647","GO:0048647","polyphenic determination",0,"0/173",""
"GO:0048771","GO:0048771","tissue remodeling",4,"4/173","EFNA2/CCR2/NOTCH2/P2RX7"
"GO:0048871","GO:0048871","multicellular organismal homeostasis",6,"6/173","THRA/SCX/CCR2/P2RX7/RAC3/PRKAR1B"
"GO:0050817","GO:0050817","coagulation",7,"7/173","VAV3/P2RX7/CD40/HNF4A/SAA1/THBD/PRKAR1B"
"GO:0050879","GO:0050879","multicellular organismal movement",2,"2/173","TNNC2/GAA"
"GO:0051239","GO:0051239","regulation of multicellular organismal process",43,"43/173","DLG4/LRRC4C/THRA/PHLPP1/FLT1/LFNG/CAMK1D/SCX/IKBKE/HOXD13/CCR2/SNAI1/ADGRB2/LRRC17/NOTCH2/DNAJA4/TPBG/IL1R2/SEMA5B/P2RX7/CD40/HNF4A/TNNC2/KCNIP3/SMOC2/SDK1/FOXP1/MME/SAA1/NDNF/KCNK3/THBS2/GAA/LINGO1/RAC3/EFNA1/CDK5R1/THBD/RFLNA/ADAM9/BMP1/ATP2B2/RACGAP1"
"GO:0051240","GO:0051240","positive regulation of multicellular organismal process",21,"21/173","DLG4/THRA/FLT1/CAMK1D/SCX/CCR2/SNAI1/ADGRB2/NOTCH2/TPBG/P2RX7/CD40/SMOC2/FOXP1/MME/SAA1/NDNF/THBS2/THBD/ADAM9/BMP1"
"GO:0051241","GO:0051241","negative regulation of multicellular organismal process",16,"16/173","LFNG/IKBKE/CCR2/SNAI1/ADGRB2/LRRC17/DNAJA4/IL1R2/SEMA5B/P2RX7/THBS2/LINGO1/EFNA1/CDK5R1/THBD/RFLNA"
"GO:0055046","GO:0055046","microgametogenesis",0,"0/173",""
"GO:0055127","GO:0055127","vibrational conductance of sound to the inner ear",0,"0/173",""
"GO:0060384","GO:0060384","innervation",0,"0/173",""
"GO:0071684","GO:0071684","organism emergence from protective structure",0,"0/173",""
"GO:0071827","GO:0071827","plasma lipoprotein particle organization",1,"1/173","BMP1"
"GO:0080189","GO:0080189","primary growth",0,"0/173",""
"GO:0090130","GO:0090130","tissue migration",7,"7/173","PRSS3/DNAJA4/CD40/SMOC2/FOXP1/EFNA1/ADAM9"
"GO:0090664","GO:0090664","response to high population density",0,"0/173",""
"GO:0097167","GO:0097167","circadian regulation of translation",0,"0/173",""
"GO:0097207","GO:0097207","bud dormancy process",0,"0/173",""
"GO:0097242","GO:0097242","amyloid-beta clearance",1,"1/173","MME"
"GO:1990110","GO:1990110","callus formation",0,"0/173",""
"GO:0007568","GO:0007568","aging",2,"2/173","NQO1/MME"
"GO:0007571","GO:0007571","age-dependent general metabolic decline",0,"0/173",""
"GO:0009653","GO:0009653","anatomical structure morphogenesis",46,"46/173","DLG4/LRRC4C/CNTNAP2/THRA/DLX6/GAB2/EFNA2/FLT1/LFNG/S100A6/SCX/HOXD13/CCR2/SNAI1/ADGRB2/HOXD9/VAV3/NOTCH2/SPIRE1/EPB41L3/SEMA5B/P2RX7/CD40/HNF4A/FGL1/DLX5/GMNN/PERP/SMOC2/SDK1/FOXP1/DOK2/COL8A2/NDNF/THBS2/GAA/LINGO1/RAC3/EFNA1/CDK5R1/RFLNA/FOXE1/ADAM9/BMP1/PLCD3/DACT2"
"GO:0009838","GO:0009838","abscission",0,"0/173",""
"GO:0009847","GO:0009847","spore germination",0,"0/173",""
"GO:0010014","GO:0010014","meristem initiation",0,"0/173",""
"GO:0021700","GO:0021700","developmental maturation",6,"6/173","DLG4/CNTNAP2/RAC3/CDK5R1/RFLNA/NFIA"
"GO:0022611","GO:0022611","dormancy process",0,"0/173",""
"GO:0031128","GO:0031128","developmental induction",0,"0/173",""
"GO:0043696","GO:0043696","dedifferentiation",0,"0/173",""
"GO:0043934","GO:0043934","sporulation",0,"0/173",""
"GO:0044111","GO:0044111","development involved in symbiotic interaction",0,"0/173",""
"GO:0048532","GO:0048532","anatomical structure arrangement",0,"0/173",""
"GO:0048589","GO:0048589","developmental growth",6,"6/173","APBA2/HOXD13/NOTCH2/SEMA5B/NINJ2/CDK5R1"
"GO:0048646","GO:0048646","anatomical structure formation involved in morphogenesis",22,"22/173","DLX6/FLT1/LFNG/SCX/CCR2/SNAI1/ADGRB2/VAV3/NOTCH2/EPB41L3/CD40/DLX5/PERP/SMOC2/SDK1/COL8A2/NDNF/THBS2/EFNA1/CDK5R1/ADAM9/PLCD3"
"GO:0048856","GO:0048856","anatomical structure development",71,"71/173","DLG4/GPR17/LRRC4C/CNTNAP2/THRA/DLX6/GAB2/APBA2/PHLPP1/EFNA2/FLT1/LFNG/CAMK1D/SPATA20/POU3F3/S100A6/TEAD4/SCX/HOXD13/CCR2/HPCA/SNAI1/ADGRB2/LRRC17/HOXD9/VAV3/SORT1/NOTCH2/SPIRE1/TPBG/EPB41L3/SEMA5B/P2RX7/CD40/HNF4A/FGL1/DLX5/GSDME/GMNN/PERP/SMOC2/SDK1/FOXP1/ADAM23/KLK12/DOK2/COL8A2/MME/NDNF/NINJ2/KCNK3/THBS2/GAA/LINGO1/RAC3/EFNA1/MYO1D/CDK5R1/RFLNA/FOXE1/ADAM9/BMP1/NFIA/ATP2B2/PLCD3/RACGAP1/ALOX15/BDH2/SAP30/FABP7/DACT2"
"GO:0050793","GO:0050793","regulation of developmental process",37,"37/173","DLG4/LRRC4C/PHLPP1/FLT1/MEDAG/LFNG/CAMK1D/SCX/HOXD13/CCR2/SNAI1/ADGRB2/LRRC17/SORT1/NOTCH2/SPIRE1/TPBG/EPB41L3/SEMA5B/P2RX7/CD40/HNF4A/SMOC2/SDK1/FOXP1/MME/NDNF/THBS2/LINGO1/RAC3/EFNA1/CDK5R1/RFLNA/ADAM9/BMP1/RACGAP1/CDS1"
"GO:0051093","GO:0051093","negative regulation of developmental process",12,"12/173","LFNG/CCR2/SNAI1/ADGRB2/LRRC17/SORT1/SEMA5B/THBS2/LINGO1/EFNA1/CDK5R1/RFLNA"
"GO:0051094","GO:0051094","positive regulation of developmental process",21,"21/173","DLG4/FLT1/MEDAG/CAMK1D/SCX/CCR2/SNAI1/ADGRB2/NOTCH2/SPIRE1/TPBG/P2RX7/CD40/SMOC2/MME/NDNF/THBS2/RAC3/ADAM9/BMP1/CDS1"
"GO:0060033","GO:0060033","anatomical structure regression",1,"1/173","FLT1"
"GO:0090644","GO:0090644","age-related resistance",0,"0/173",""
"GO:0097737","GO:0097737","acquisition of mycelium reproductive competence",0,"0/173",""
"GO:0098727","GO:0098727","maintenance of cell number",2,"2/173","NOTCH2/FOXP1"
"GO:0001545","GO:0001545","primary ovarian follicle growth",0,"0/173",""
"GO:0001546","GO:0001546","preantral ovarian follicle growth",0,"0/173",""
"GO:0001550","GO:0001550","ovarian cumulus expansion",0,"0/173",""
"GO:0030447","GO:0030447","filamentous growth",0,"0/173",""
"GO:0040008","GO:0040008","regulation of growth",5,"5/173","NOTCH2/EPB41L3/SEMA5B/HNF4A/CDK5R1"
"GO:0042702","GO:0042702","uterine wall growth",0,"0/173",""
"GO:0044110","GO:0044110","growth involved in symbiotic interaction",0,"0/173",""
"GO:0045926","GO:0045926","negative regulation of growth",4,"4/173","NOTCH2/SEMA5B/HNF4A/CDK5R1"
"GO:0045927","GO:0045927","positive regulation of growth",0,"0/173",""
"GO:0080190","GO:0080190","lateral growth",0,"0/173",""
"GO:0031987","GO:0031987","locomotion involved in locomotory behavior",0,"0/173",""
"GO:0033058","GO:0033058","directional locomotion",0,"0/173",""
"GO:0036268","GO:0036268","swimming",0,"0/173",""
"GO:0040012","GO:0040012","regulation of locomotion",12,"12/173","PODN/FLT1/CAMK1D/CCR2/SNAI1/DNAJA4/SEMA5B/CD40/SMOC2/FOXP1/EFNA1/ADAM9"
"GO:0040013","GO:0040013","negative regulation of locomotion",3,"3/173","PODN/DNAJA4/SEMA5B"
"GO:0040017","GO:0040017","positive regulation of locomotion",9,"9/173","FLT1/CAMK1D/CCR2/SNAI1/SEMA5B/CD40/SMOC2/FOXP1/ADAM9"
"GO:0042330","GO:0042330","taxis",16,"16/173","GAB2/PLD1/EFNA2/FLT1/CAMK1D/CCR2/VAV3/NOTCH2/SEMA5B/DLX5/SMOC2/DOK2/SAA1/CXCL11/EFNA1/CDK5R1"
"GO:0048870","GO:0048870","cell motility",25,"25/173","PODN/PRSS3/PLD1/FLT1/CAMK1D/POU3F3/CCR2/SNAI1/VAV3/IGLV7-43/DNAJA4/IGLV1-51/SEMA5B/CD40/SMOC2/FOXP1/DOK2/SAA1/NDNF/CXCL11/EFNA1/CDK5R1/THBD/FOXE1/ADAM9"
"GO:0060361","GO:0060361","flight",0,"0/173",""
"GO:0071965","GO:0071965","multicellular organismal locomotion",0,"0/173",""
"GO:0033060","GO:0033060","ocellus pigmentation",0,"0/173",""
"GO:0043474","GO:0043474","pigment metabolic process involved in pigmentation",0,"0/173",""
"GO:0043476","GO:0043476","pigment accumulation",0,"0/173",""
"GO:0048066","GO:0048066","developmental pigmentation",0,"0/173",""
"GO:0009405","GO:0009405","pathogenesis",0,"0/173",""
"GO:0031640","GO:0031640","killing of cells of other organism",1,"1/173","P2RX7"
"GO:0035821","GO:0035821","modulation of process of other organism",1,"1/173","SLPI"
"GO:0036281","GO:0036281","coflocculation",0,"0/173",""
"GO:0044403","GO:0044403","symbiotic process",8,"8/173","APOBEC3C/IKBKE/CCR2/SLPI/DOK2/RPLP2/SLC20A2/NFIA"
"GO:0051702","GO:0051702","interaction with symbiont",0,"0/173",""
"GO:0051707","GO:0051707","response to other organism",19,"19/173","TRAC/MUC3A/PRSS3/APOBEC3C/RNF39/SIGLEC14/IKBKE/SLPI/NOTCH2/IGHV6-1/P2RX7/CD40/GSDME/FOXP1/SAA1/CXCL11/THBD/ADAM9/TNFAIP8L2"
"GO:0052214","GO:0052214","metabolism of substance in other organism involved in symbiotic interaction",0,"0/173",""
"GO:0022403","GO:0022403","cell cycle phase",0,"0/173",""
"GO:0022601","GO:0022601","menstrual cycle phase",0,"0/173",""
"GO:0044851","GO:0044851","hair cycle phase",0,"0/173",""
"GO:0060206","GO:0060206","estrous cycle phase",0,"0/173",""
"GO:0072690","GO:0072690","single-celled organism vegetative growth phase",0,"0/173",""
"GO:0007623","GO:0007623","circadian rhythm",3,"3/173","PHLPP1/HNF4A/CIART"
"GO:0007624","GO:0007624","ultradian rhythm",0,"0/173",""
"GO:0042698","GO:0042698","ovulation cycle",0,"0/173",""
"GO:0042753","GO:0042753","positive regulation of circadian rhythm",0,"0/173",""
"GO:0043902","GO:0043902","positive regulation of multi-organism process",0,"0/173",""
"GO:0045760","GO:0045760","positive regulation of action potential",0,"0/173",""
"GO:0048087","GO:0048087","positive regulation of developmental pigmentation",0,"0/173",""
"GO:0048524","GO:0048524","positive regulation of viral process",0,"0/173",""
"GO:0048584","GO:0048584","positive regulation of response to stimulus",29,"29/173","TRAC/DLG4/GPR17/MUC3A/GAB2/FLT1/LFNG/CAMK1D/IKBKE/CCR2/VAV3/NOTCH2/SPIRE1/IGHV6-1/IGLV7-43/IGLV1-51/LAT2/P2RX7/CD40/DLX5/GSDME/SMOC2/FOXP1/SAA1/EFNA1/THBD/ADAM9/ALOX15/VSNL1"
"GO:0051050","GO:0051050","positive regulation of transport",11,"11/173","GAB2/CAMK1D/CCR2/HPCA/P2RX7/SAA1/CXCL11/CDK5R1/ADAM9/ATP13A2/VSNL1"
"GO:0051091","GO:0051091","positive regulation of DNA-binding transcription factor activity",2,"2/173","CAMK1D/CD40"
"GO:0051919","GO:0051919","positive regulation of fibrinolysis",0,"0/173",""
"GO:0075294","GO:0075294","positive regulation by symbiont of entry into host",0,"0/173",""
"GO:0110151","GO:0110151","positive regulation of biomineralization",1,"1/173","P2RX7"
"GO:0140409","GO:0140409","positive regulation of mRNA alternative polyadenylation",0,"0/173",""
"GO:0140471","GO:0140471","positive regulation of transepithelial migration of symbiont in host",0,"0/173",""
"GO:0150107","GO:0150107","positive regulation of protein localization to cell-cell junction",0,"0/173",""
"GO:1900048","GO:1900048","positive regulation of hemostasis",1,"1/173","THBD"
"GO:1900097","GO:1900097","positive regulation of dosage compensation by inactivation of X chromosome",0,"0/173",""
"GO:1900454","GO:1900454","positive regulation of long-term synaptic depression",0,"0/173",""
"GO:1902474","GO:1902474","positive regulation of protein localization to synapse",0,"0/173",""
"GO:1902632","GO:1902632","positive regulation of membrane hyperpolarization",0,"0/173",""
"GO:1903666","GO:1903666","positive regulation of asexual reproduction",0,"0/173",""
"GO:1904181","GO:1904181","positive regulation of membrane depolarization",1,"1/173","P2RX7"
"GO:1904874","GO:1904874","positive regulation of telomerase RNA localization to Cajal body",0,"0/173",""
"GO:1904912","GO:1904912","positive regulation of establishment of RNA localization to telomere",0,"0/173",""
"GO:1904951","GO:1904951","positive regulation of establishment of protein localization",7,"7/173","HPCA/P2RX7/SAA1/CDK5R1/ADAM9/ATP13A2/VSNL1"
"GO:1905099","GO:1905099","positive regulation of guanyl-nucleotide exchange factor activity",0,"0/173",""
"GO:1905228","GO:1905228","positive regulation of adhesion of symbiont to host epithelial cell",0,"0/173",""
"GO:1905257","GO:1905257","positive regulation of RNA binding transcription factor activity",0,"0/173",""
"GO:1905339","GO:1905339","positive regulation of cohesin unloading",0,"0/173",""
"GO:1905514","GO:1905514","positive regulation of short-term synaptic potentiation",0,"0/173",""
"GO:1905954","GO:1905954","positive regulation of lipid localization",2,"2/173","IKBKE/P2RX7"
"GO:0034260","GO:0034260","negative regulation of GTPase activity",1,"1/173","GMIP"
"GO:0042754","GO:0042754","negative regulation of circadian rhythm",0,"0/173",""
"GO:0043433","GO:0043433","negative regulation of DNA-binding transcription factor activity",0,"0/173",""
"GO:0043901","GO:0043901","negative regulation of multi-organism process",0,"0/173",""
"GO:0045759","GO:0045759","negative regulation of action potential",0,"0/173",""
"GO:0048086","GO:0048086","negative regulation of developmental pigmentation",0,"0/173",""
"GO:0048525","GO:0048525","negative regulation of viral process",2,"2/173","APOBEC3C/SLPI"
"GO:0048585","GO:0048585","negative regulation of response to stimulus",17,"17/173","GPR17/PHLPP1/LFNG/CCR2/SNAI1/IL1R2/SEMA5B/P2RX7/FOXP1/SAA1/EFNA1/THBD/ALOX15/TNFAIP8L2/FABP7/DACT2/PSCA"
"GO:0051051","GO:0051051","negative regulation of transport",3,"3/173","DLG4/CCR2/VSNL1"
"GO:0051918","GO:0051918","negative regulation of fibrinolysis",1,"1/173","THBD"
"GO:0110150","GO:0110150","negative regulation of biomineralization",1,"1/173","RFLNA"
"GO:0150119","GO:0150119","negative regulation of protein localization to cell-cell junction",0,"0/173",""
"GO:1900047","GO:1900047","negative regulation of hemostasis",1,"1/173","THBD"
"GO:1900096","GO:1900096","negative regulation of dosage compensation by inactivation of X chromosome",0,"0/173",""
"GO:1900272","GO:1900272","negative regulation of long-term synaptic potentiation",0,"0/173",""
"GO:1900453","GO:1900453","negative regulation of long-term synaptic depression",0,"0/173",""
"GO:1901134","GO:1901134","negative regulation of coflocculation",0,"0/173",""
"GO:1902631","GO:1902631","negative regulation of membrane hyperpolarization",0,"0/173",""
"GO:1902684","GO:1902684","negative regulation of receptor localization to synapse",0,"0/173",""
"GO:1902886","GO:1902886","negative regulation of proteasome-activating ATPase activity",0,"0/173",""
"GO:1903665","GO:1903665","negative regulation of asexual reproduction",0,"0/173",""
"GO:1904180","GO:1904180","negative regulation of membrane depolarization",0,"0/173",""
"GO:1904873","GO:1904873","negative regulation of telomerase RNA localization to Cajal body",0,"0/173",""
"GO:1904911","GO:1904911","negative regulation of establishment of RNA localization to telomere",0,"0/173",""
"GO:1904950","GO:1904950","negative regulation of establishment of protein localization",1,"1/173","VSNL1"
"GO:1905098","GO:1905098","negative regulation of guanyl-nucleotide exchange factor activity",0,"0/173",""
"GO:1905227","GO:1905227","negative regulation of adhesion of symbiont to host epithelial cell",0,"0/173",""
"GO:1905256","GO:1905256","negative regulation of RNA binding transcription factor activity",0,"0/173",""
"GO:1905338","GO:1905338","negative regulation of cohesin unloading",0,"0/173",""
"GO:1905385","GO:1905385","negative regulation of protein localization to presynapse",0,"0/173",""
"GO:1905513","GO:1905513","negative regulation of short-term synaptic potentiation",0,"0/173",""
"GO:1905869","GO:1905869","negative regulation of 3'-UTR-mediated mRNA stabilization",0,"0/173",""
"GO:1905953","GO:1905953","negative regulation of lipid localization",1,"1/173","PNPLA2"
"GO:2000326","GO:2000326","negative regulation of nuclear receptor transcription coactivator activity",0,"0/173",""
"GO:2000536","GO:2000536","negative regulation of entry of bacterium into host cell",0,"0/173",""
"GO:0032879","GO:0032879","regulation of localization",30,"30/173","DLG4/TRPV6/PODN/GAB2/APBA2/PLD1/FLT1/CAMK1D/IKBKE/CCR2/HPCA/SNAI1/DNAJA4/SEMA5B/P2RX7/CD40/HNF4A/KCNIP3/SMOC2/FOXP1/SAA1/CXCL11/EFNA1/CDK5R1/PNPLA2/PRKAR1B/ADAM9/ATP13A2/ALOX15/VSNL1"
"GO:0042752","GO:0042752","regulation of circadian rhythm",2,"2/173","PHLPP1/HNF4A"
"GO:0043900","GO:0043900","regulation of multi-organism process",0,"0/173",""
"GO:0043903","GO:0043903","regulation of symbiotic process",2,"2/173","APOBEC3C/SLPI"
"GO:0048070","GO:0048070","regulation of developmental pigmentation",0,"0/173",""
"GO:0048518","GO:0048518","positive regulation of biological process",71,"71/173","TRAC/DLG4/GPR17/MUC3A/NQO1/THRA/CD5/DLX6/GAB2/PLD1/FLT1/MEDAG/LFNG/UBE2S/CAMK1D/POU3F3/S100A6/TEAD4/SCX/IKBKE/HOXD13/CCR2/HPCA/SNAI1/ADGRB2/HOXD9/VAV3/SORT1/NOTCH2/SPIRE1/IGHV6-1/IGLV7-43/DNAJA4/IGLV1-51/TPBG/NR3C1/SEMA5B/LAT2/P2RX7/CD40/HNF4A/DLX5/GSDME/PERP/SMOC2/FOXP1/MME/SAA1/NDNF/THBS2/RAC3/CXCL11/EFNA1/CDK5R1/PNPLA2/THBD/FOXE1/CITED4/PRKAR1B/ADAM9/BMP1/NFIA/ABI3BP/ATP13A2/RACGAP1/ALOX15/VSNL1/FABP1/CDS1/STK17A/PDP1"
"GO:0048519","GO:0048519","negative regulation of biological process",60,"60/173","DLG4/GPR17/PODN/NQO1/THRA/PHLPP1/GMIP/FLT1/LFNG/CAMK1D/APOBEC3C/POU3F3/SCX/IKBKE/CCR2/HPCA/SLPI/SNAI1/ADGRB2/LRRC17/HOXD9/SORT1/NOTCH2/DNAJA4/NR3C1/IL1R2/SEMA5B/P2RX7/HNF4A/FGL1/KCNIP3/GSDME/GMNN/FOXP1/SAA1/NDNF/THBS2/LINGO1/CXCL11/EFNA1/MYO1D/CDK5R1/RPLP2/PNPLA2/THBD/RFLNA/FOXE1/MAP6D1/PRKAR1B/NFIA/CIART/ATP13A2/ALOX15/VSNL1/TNFAIP8L2/FABP1/SAP30/FABP7/DACT2/PSCA"
"GO:0048583","GO:0048583","regulation of response to stimulus",44,"44/173","TRAC/DLG4/GPR17/MUC3A/THRA/GAB2/PHLPP1/GMIP/FLT1/LFNG/CAMK1D/IKBKE/CCR2/SNAI1/VAV3/NOTCH2/SPIRE1/IGHV6-1/IGLV7-43/IGLV1-51/IL1R2/SEMA5B/LAT2/P2RX7/CD40/FGL1/DLX5/GSDME/SMOC2/FOXP1/SAA1/RAC3/EFNA1/CDK5R1/THBD/PRKAR1B/ADAM9/RACGAP1/ALOX15/VSNL1/TNFAIP8L2/FABP7/DACT2/PSCA"
"GO:0071898","GO:0071898","regulation of estrogen receptor binding",0,"0/173",""
"GO:0097006","GO:0097006","regulation of plasma lipoprotein particle levels",1,"1/173","BMP1"
"GO:0098676","GO:0098676","modulation of host virulence by virus",0,"0/173",""
"GO:0098900","GO:0098900","regulation of action potential",0,"0/173",""
"GO:0110149","GO:0110149","regulation of biomineralization",2,"2/173","P2RX7/RFLNA"
"GO:1900046","GO:1900046","regulation of hemostasis",1,"1/173","THBD"
"GO:1902630","GO:1902630","regulation of membrane hyperpolarization",0,"0/173",""
"GO:1903664","GO:1903664","regulation of asexual reproduction",0,"0/173",""
"GO:1905097","GO:1905097","regulation of guanyl-nucleotide exchange factor activity",0,"0/173",""
"GO:1905255","GO:1905255","regulation of RNA binding transcription factor activity",0,"0/173",""
"GO:0006950","GO:0006950","response to stress",42,"42/173","GPR17/MUC3A/NQO1/THRA/ALDH3B1/PHLPP1/CAMK1D/APOBEC3C/RNF39/SIGLEC14/IKBKE/CCR2/SLPI/SNAI1/MAP7/VAV3/NOTCH2/SPIRE1/IGHV6-1/DNAJA4/LRP11/IL1R2/P2RX7/CD40/HNF4A/HSPA7/SMOC2/FOXP1/SAA1/NDNF/KCNK3/CXCL11/THBD/RNF186/PRKAR1B/ADAM9/HSPA13/CHAF1B/ATP13A2/ALOX15/TNFAIP8L2/FABP1"
"GO:0009605","GO:0009605","response to external stimulus",42,"42/173","TRAC/GPR17/MUC3A/CNTNAP2/NQO1/PRSS3/GAB2/PLD1/PHLPP1/EFNA2/FLT1/CAMK1D/APOBEC3C/RNF39/SIGLEC14/SCX/IKBKE/CCR2/SLPI/VAV3/NOTCH2/IGHV6-1/LRP11/IL1R2/SEMA5B/P2RX7/CD40/DLX5/GSDME/SMOC2/FOXP1/DOK2/SAA1/CXCL11/EFNA1/CDK5R1/THBD/ADAM9/ALOX15/TNFAIP8L2/CDS1/FABP7"
"GO:0009607","GO:0009607","response to biotic stimulus",19,"19/173","TRAC/MUC3A/PRSS3/APOBEC3C/RNF39/SIGLEC14/IKBKE/SLPI/NOTCH2/IGHV6-1/P2RX7/CD40/GSDME/FOXP1/SAA1/CXCL11/THBD/ADAM9/TNFAIP8L2"
"GO:0009628","GO:0009628","response to abiotic stimulus",17,"17/173","CNTNAP2/NQO1/THRA/SCX/HPCA/MAP7/DNAJA4/LRP11/SEMA5B/P2RX7/CD40/MME/NDNF/KCNK3/THBD/FABP1/CDS1"
"GO:0009719","GO:0009719","response to endogenous stimulus",13,"13/173","THRA/SCX/SORT1/NOTCH2/NR3C1/P2RX7/DLX5/SMOC2/FOXP1/CITED4/PRKAR1B/ADAM9/ABCA3"
"GO:0014823","GO:0014823","response to activity",0,"0/173",""
"GO:0014854","GO:0014854","response to inactivity",0,"0/173",""
"GO:0014874","GO:0014874","response to stimulus involved in regulation of muscle adaptation",0,"0/173",""
"GO:0042221","GO:0042221","response to chemical",54,"54/173","CRYZ/DLG4/GPR17/TRPV6/NQO1/THRA/ALDH3B1/GAB2/PLD1/EFNA2/FLT1/CAMK1D/SCX/IKBKE/HOXD13/CCR2/HPCA/SLPI/VAV3/SORT1/NOTCH2/LRP11/NR3C1/IL1R2/SEMA5B/P2RX7/CD40/HNF4A/DLX5/GSDME/HSPA7/SMOC2/SDK1/FOXP1/ADAM23/DOK2/MME/SAA1/NDNF/KCNK3/CXCL11/EFNA1/CDK5R1/THBD/CITED4/PRKAR1B/ADAM9/HSPA13/ATP13A2/ALOX15/ABCA3/VSNL1/FABP1/TMEM145"
"GO:0043500","GO:0043500","muscle adaptation",0,"0/173",""
"GO:0051606","GO:0051606","detection of stimulus",2,"2/173","SEMA5B/CDS1"
"GO:0051775","GO:0051775","response to redox state",0,"0/173",""
"GO:0072376","GO:0072376","protein activation cascade",0,"0/173",""
"GO:0033036","GO:0033036","macromolecule localization",28,"28/173","DLG4/CNTNAP2/APBA2/IKBKE/HPCA/MAP7/SORT1/SPIRE1/SLC27A2/EPB41L3/P2RX7/CD40/HNF4A/KCNIP3/SAA1/MYO1D/CDK5R1/RPLP2/PNPLA2/RNF186/PIPOX/ADAM9/ATP13A2/ZDHHC12/ABCA3/VSNL1/FABP1/CDS1"
"GO:0035732","GO:0035732","nitric oxide storage",0,"0/173",""
"GO:0036214","GO:0036214","contractile ring localization",0,"0/173",""
"GO:0051234","GO:0051234","establishment of localization",57,"57/173","DLG4/TRPV6/MOGAT2/CD5/ALDH3B1/PRSS3/GAB2/APBA2/PLD1/CAMK1D/S100A6/SIGLEC14/SLC12A8/CCR2/HPCA/SLPI/VAV3/SORT1/SPIRE1/IGHV6-1/IGLV7-43/SLC27A2/IGLV1-51/LAT2/P2RX7/PYGB/CD40/HNF4A/KCNIP3/HSPA7/SLC2A12/MME/SAA1/CTSW/KCNK3/GAA/CXCL11/MYO1D/CDK5R1/RPLP2/PIPOX/MAP6D1/PRKAR1B/FNBP1/ADAM9/SLC20A2/ATP2B2/SYN2/ARHGAP27/ATP13A2/ZDHHC12/RACGAP1/ALOX15/ABCA3/VSNL1/FABP1/PRSS12"
"GO:0051235","GO:0051235","maintenance of location",6,"6/173","IKBKE/P2RX7/GAA/CXCL11/PNPLA2/CDS1"
"GO:1902579","GO:1902579","multi-organism localization",0,"0/173",""
"GO:0000128","GO:0000128","flocculation",0,"0/173",""
"GO:0000771","GO:0000771","agglutination involved in conjugation",0,"0/173",""
"GO:0044010","GO:0044010","single-species biofilm formation",0,"0/173",""
"GO:0099120","GO:0099120","socially cooperative development",0,"0/173",""
"GO:0035737","GO:0035737","injection of substance in to other organism",0,"0/173",""
"GO:0050789","GO:0050789","regulation of biological process",114,"114/173","TRAC/DLG4/SIT1/GPR17/LRRC4C/TRPV6/MUC3A/PODN/NQO1/THRA/CD5/DLX6/GAB2/APBA2/PLD1/PHLPP1/GMIP/EFNA2/FLT1/MEDAG/LFNG/UBE2S/CAMK1D/APOBEC3C/POU3F3/S100A6/RNF39/TEAD4/SCX/IKBKE/HOXD13/CCR2/HPCA/SLPI/SNAI1/ADGRB2/LRRC17/HOXD9/VAV3/SORT1/NOTCH2/SPIRE1/IGHV6-1/IGLV7-43/DNAJA4/IGLV1-51/TPBG/NR3C1/IL1R2/EPB41L3/SEMA5B/LAT2/P2RX7/CD40/HNF4A/TNNC2/FGL1/KCNIP3/DLX5/GSDME/GMNN/PERP/SMOC2/SDK1/FOXP1/DOK2/MME/SAA1/NDNF/AFF1/KCNK3/THBS2/GAA/LINGO1/RAC3/CXCL11/EFNA1/MYO1D/CDK5R1/RPLP2/PNPLA2/THBD/RNF186/RFLNA/FOXE1/ZNF552/CITED4/MAP6D1/PRKAR1B/ADAM9/BMP1/NFIA/ABI3BP/ATP2B2/CIART/ARHGAP27/ATP13A2/ZNF761/PLCD3/RACGAP1/ALOX15/ADGRL4/VSNL1/TNFAIP8L2/FABP1/CDS1/SAP30/FABP7/DACT2/STK17A/PDP1/TMEM145/PSCA/SGPP2"
"GO:0065008","GO:0065008","regulation of biological quality",43,"43/173","DLG4/SIT1/GPR17/TRPV6/NQO1/THRA/APBA2/UBE2S/POU3F3/SCX/IKBKE/SLC12A8/CCR2/HPCA/ADGRB2/VAV3/SPIRE1/TPBG/EPB41L3/SEMA5B/P2RX7/CD40/HNF4A/MME/SAA1/KCNK3/THBS2/GAA/RAC3/CXCL11/EFNA1/CDK5R1/PNPLA2/THBD/FOXE1/PRKAR1B/ATP2B2/SYN2/ATP13A2/ALOX15/VSNL1/CDS1/BDH2"
"GO:0065009","GO:0065009","regulation of molecular function",28,"28/173","DLG4/NQO1/GMIP/FLT1/LFNG/UBE2S/CAMK1D/CCR2/HPCA/SLPI/VAV3/SORT1/P2RX7/CD40/GMNN/PERP/SAA1/EFNA1/MYO1D/CDK5R1/PRKAR1B/ADAM9/ARHGAP27/ATP13A2/RACGAP1/FABP1/PDP1/PSCA"
"GO:0140505","GO:0140505","regulation of microlipophagy",0,"0/173",""
"GO:0150174","GO:0150174","negative regulation of phosphatidylcholine metabolic process",0,"0/173",""
"GO:0009407","GO:0009407","toxin catabolic process",0,"0/173",""
"GO:0010127","GO:0010127","mycothiol-dependent detoxification",0,"0/173",""
"GO:0010312","GO:0010312","detoxification of zinc ion",0,"0/173",""
"GO:0051410","GO:0051410","detoxification of nitrogen compound",0,"0/173",""
"GO:0061687","GO:0061687","detoxification of inorganic compound",0,"0/173",""
"GO:0071722","GO:0071722","detoxification of arsenic-containing substance",0,"0/173",""
"GO:0140330","GO:0140330","xenobiotic detoxification by transmembrane export across the cell outer membrane",0,"0/173",""
"GO:1990961","GO:1990961","xenobiotic detoxification by transmembrane export across the plasma membrane",0,"0/173",""
"GO:0031214","GO:0031214","biomineral tissue development",3,"3/173","P2RX7/RFLNA/ALOX15"
